"id","date","timestamp","long","lat"
1,6,2014-01-06 07:20:01,24.88258237,36.066457
1,6,2014-01-06 23:01:01,24.87957304,36.04802471
1,7,2014-01-07 01:10:01,24.8795682,36.0480284
1,7,2014-01-07 20:52:01,24.88265566,36.06647516
1,8,2014-01-08 07:47:01,24.88265237,36.0664288
1,8,2014-01-08 23:57:02,24.8826179,36.06647822
1,9,2014-01-09 03:20:01,24.88261133,36.06645717
1,9,2014-01-09 17:52:03,24.88257847,36.06649647
1,10,2014-01-10 07:50:01,24.88265407,36.0665048
1,10,2014-01-10 23:39:32,24.88262309,36.06645991
1,11,2014-01-11 12:40:01,24.88258263,36.06650723
1,11,2014-01-11 19:52:07,24.8826187,36.0664652
1,12,2014-01-12 12:45:01,24.88258516,36.06643347
1,12,2014-01-12 15:14:01,24.88262915,36.06646999
1,13,2014-01-13 07:36:01,24.88259645,36.066408
1,13,2014-01-13 20:10:01,24.88263852,36.06642351
1,14,2014-01-14 07:24:01,24.88261956,36.06640739
1,14,2014-01-14 21:19:52,24.88259898,36.06646439
1,15,2014-01-15 07:33:01,24.88263284,36.06647107
1,15,2014-01-15 22:37:02,24.87957655,36.04803026
1,16,2014-01-16 00:09:01,24.87956907,36.04802716
1,16,2014-01-16 20:39:52,24.88261819,36.06648749
1,17,2014-01-17 07:45:01,24.88264698,36.06650112
1,17,2014-01-17 22:45:02,24.88261754,36.06644798
1,18,2014-01-18 10:02:01,24.88263248,36.06648797
1,18,2014-01-18 19:37:01,24.8826145,36.06641461
1,19,2014-01-19 18:26:01,24.88259258,36.06642639
1,19,2014-01-19 19:56:50,24.88253437,36.06645823
2,6,2014-01-06 07:30:01,24.86037898,36.08545957
2,6,2014-01-06 20:52:01,24.86045479,36.08546145
2,7,2014-01-07 08:02:01,24.86036807,36.08546331
2,7,2014-01-07 20:12:13,24.8604552,36.08546852
2,8,2014-01-08 07:43:01,24.86045943,36.08543518
2,8,2014-01-08 19:27:13,24.86038173,36.08542566
2,9,2014-01-09 08:01:01,24.8603882,36.0854796
2,9,2014-01-09 17:29:28,24.86039061,36.08542765
2,10,2014-01-10 07:42:01,24.86043937,36.08543468
2,10,2014-01-10 19:52:13,24.86045605,36.08544851
2,11,2014-01-11 18:12:01,24.86039771,36.08533752
2,11,2014-01-11 20:34:01,24.86044242,36.08545478
2,12,2014-01-12 18:28:01,24.86045479,36.08535404
2,12,2014-01-12 19:32:13,24.8603992,36.08543268
2,13,2014-01-13 07:39:01,24.86044129,36.08543893
2,13,2014-01-13 20:50:13,24.86038463,36.08547529
2,14,2014-01-14 07:49:01,24.86034942,36.08546565
2,14,2014-01-14 20:02:01,24.86042993,36.08543115
2,15,2014-01-15 08:10:01,24.86043788,36.08543979
2,15,2014-01-15 20:00:13,24.8603669,36.08543001
2,16,2014-01-16 07:56:01,24.86043221,36.08545585
2,16,2014-01-16 20:20:28,24.86038904,36.08544323
2,17,2014-01-17 07:31:01,24.86045426,36.08547793
2,17,2014-01-17 17:22:28,24.86040478,36.08545903
2,18,2014-01-18 18:23:01,24.86041075,36.08539774
2,18,2014-01-18 20:21:13,24.86040295,36.08549641
2,19,2014-01-19 18:16:01,24.86040899,36.08550845
2,19,2014-01-19 20:27:08,24.86042939,36.08522779
3,6,2014-01-06 07:19:01,24.85762836,36.0866807
3,6,2014-01-06 17:47:11,24.85759706,36.08662294
3,7,2014-01-07 07:55:01,24.85766744,36.08665931
3,7,2014-01-07 17:55:11,24.85761309,36.08664976
3,8,2014-01-08 07:03:01,24.85765246,36.08667734
3,8,2014-01-08 20:56:01,24.85762065,36.08670194
3,9,2014-01-09 07:42:01,24.85765531,36.08668084
3,9,2014-01-09 21:46:25,24.857577,36.08657807
3,10,2014-01-10 06:21:01,24.85756832,36.08669329
3,10,2014-01-10 19:03:45,24.86044607,36.08551128
3,11,2014-01-11 00:29:01,24.86038438,36.08542073
3,11,2014-01-11 20:07:01,24.85757681,36.08664577
3,12,2014-01-12 18:35:01,24.85767645,36.08657887
3,12,2014-01-12 20:14:28,24.85760247,36.08663624
3,13,2014-01-13 07:06:01,24.85759417,36.08672442
3,13,2014-01-13 18:07:11,24.85764434,36.08665163
3,14,2014-01-14 07:39:01,24.85756416,36.08668925
3,14,2014-01-14 21:09:01,24.85761851,36.08667449
3,15,2014-01-15 07:21:01,24.85762104,36.08665988
3,15,2014-01-15 20:20:01,24.85766329,36.08666637
3,16,2014-01-16 07:24:01,24.8576602,36.08667769
3,16,2014-01-16 20:20:28,24.85765894,36.08664557
3,17,2014-01-17 07:01:01,24.85762164,36.08670035
3,17,2014-01-17 22:41:01,24.8575824,36.08664252
3,18,2014-01-18 18:00:01,24.85753246,36.08667214
3,18,2014-01-18 19:49:01,24.85756512,36.08666208
3,19,2014-01-19 18:21:01,24.8575765,36.08662758
3,19,2014-01-19 19:49:26,24.85765818,36.08663304
4,6,2014-01-06 06:33:01,24.87205572,36.07819206
4,6,2014-01-06 20:56:01,24.87213508,36.07817957
4,7,2014-01-07 06:42:01,24.87204985,36.07819928
4,7,2014-01-07 21:28:13,24.8721478,36.07820934
4,8,2014-01-08 06:22:01,24.87214042,36.07818181
4,8,2014-01-08 21:05:13,24.872115,36.07819134
4,9,2014-01-09 06:56:01,24.87202966,36.07819766
4,9,2014-01-09 21:46:24,24.87212356,36.07819339
4,10,2014-01-10 06:46:01,24.87213335,36.07821308
4,10,2014-01-10 20:14:13,24.87214489,36.07820118
4,11,2014-01-11 12:58:01,24.87206399,36.07821781
4,11,2014-01-11 19:31:01,24.87213056,36.07821184
4,12,2014-01-12 13:01:01,24.87213341,36.07819816
4,12,2014-01-12 20:53:01,24.87214904,36.07820018
4,13,2014-01-13 06:32:01,24.87214688,36.07818854
4,13,2014-01-13 20:39:35,24.87211825,36.07821278
4,14,2014-01-14 07:00:01,24.8721508,36.07819876
4,14,2014-01-14 18:06:22,24.87214935,36.07818767
4,15,2014-01-15 06:51:01,24.87212898,36.07821804
4,15,2014-01-15 20:30:01,24.87211296,36.07820694
4,16,2014-01-16 06:30:01,24.87211617,36.07819509
4,16,2014-01-16 21:19:01,24.87212701,36.07819585
4,17,2014-01-17 07:18:01,24.87209265,36.07818834
4,17,2014-01-17 20:58:13,24.87212599,36.07819483
4,18,2014-01-18 12:40:01,24.87204642,36.07818961
4,18,2014-01-18 19:57:01,24.87214384,36.07820978
4,19,2014-01-19 12:31:01,24.87214361,36.0781901
4,19,2014-01-19 16:06:03,24.87210671,36.07819593
5,6,2014-01-06 07:59:01,24.8778979,36.06730309
5,6,2014-01-06 17:26:29,24.87791338,36.06736705
5,7,2014-01-07 07:20:01,24.87790841,36.06734241
5,7,2014-01-07 17:21:29,24.87791676,36.06733519
5,8,2014-01-08 07:38:01,24.87783446,36.06732392
5,8,2014-01-08 21:43:01,24.87793011,36.06736616
5,9,2014-01-09 07:12:01,24.87795145,36.06730508
5,9,2014-01-09 19:47:09,24.87790555,36.06732981
5,10,2014-01-10 07:11:01,24.87793118,36.0673307
5,10,2014-01-10 23:30:01,24.8779327,36.0673356
5,11,2014-01-11 18:13:01,24.87791981,36.06724584
5,11,2014-01-11 19:27:09,24.87788798,36.06733141
5,12,2014-01-12 18:35:01,24.87796275,36.06724783
5,12,2014-01-12 20:12:09,24.87793244,36.0673031
5,13,2014-01-13 07:22:01,24.87790587,36.06733519
5,13,2014-01-13 20:26:43,24.87795137,36.06736498
5,14,2014-01-14 07:43:01,24.87795007,36.06730688
5,14,2014-01-14 20:45:09,24.87791259,36.06731251
5,15,2014-01-15 06:58:01,24.8778884,36.06736745
5,15,2014-01-15 20:34:09,24.87789626,36.06731985
5,16,2014-01-16 07:44:01,24.87791575,36.06731795
5,16,2014-01-16 20:30:09,24.87791674,36.06735891
5,17,2014-01-17 07:41:01,24.87793383,36.06732859
5,17,2014-01-17 19:48:09,24.87790675,36.06732136
5,18,2014-01-18 18:35:01,24.87788423,36.06729646
5,18,2014-01-18 19:30:09,24.87790967,36.06736653
5,19,2014-01-19 18:47:01,24.87790122,36.06730133
5,19,2014-01-19 19:54:02,24.87796029,36.06683708
6,6,2014-01-06 07:18:01,24.89477324,36.05948506
6,6,2014-01-06 20:16:02,24.89483195,36.05948238
6,7,2014-01-07 07:17:01,24.89482654,36.05943911
6,7,2014-01-07 20:15:02,24.89479329,36.05946599
6,8,2014-01-08 07:24:01,24.89478415,36.05944917
6,8,2014-01-08 21:17:02,24.89476689,36.05944489
6,9,2014-01-09 07:07:01,24.89481189,36.05946727
6,9,2014-01-09 20:34:53,24.89482593,36.05943651
6,10,2014-01-10 07:06:01,24.89484672,36.05948325
6,10,2014-01-10 22:31:01,24.89478965,36.05948388
6,11,2014-01-11 12:32:01,24.89480894,36.05951571
6,11,2014-01-11 19:22:02,24.89484157,36.05947045
6,12,2014-01-12 18:15:01,24.89479634,36.05945513
6,12,2014-01-12 19:28:02,24.89482491,36.0594698
6,13,2014-01-13 07:51:01,24.89481509,36.05943544
6,13,2014-01-13 20:51:02,24.89484396,36.05943983
6,14,2014-01-14 07:21:01,24.89481803,36.05945829
6,14,2014-01-14 17:59:01,24.89477312,36.0594668
6,15,2014-01-15 07:30:01,24.89483648,36.05942839
6,15,2014-01-15 21:10:01,24.8947981,36.05944521
6,16,2014-01-16 07:08:01,24.89480535,36.05947902
6,16,2014-01-16 21:02:02,24.89485547,36.05945478
6,17,2014-01-17 07:31:01,24.89477064,36.0593896
6,17,2014-01-17 20:25:02,24.89480431,36.05944494
6,18,2014-01-18 12:20:01,24.89484638,36.05947226
6,18,2014-01-18 15:52:41,24.89446911,36.05957601
7,6,2014-01-06 07:01:01,24.86423759,36.08448563
7,6,2014-01-06 17:41:41,24.86423878,36.08446978
7,7,2014-01-07 07:19:01,24.86420454,36.08443316
7,7,2014-01-07 21:09:42,24.86421265,36.08446632
7,8,2014-01-08 07:20:01,24.8642202,36.08446516
7,8,2014-01-08 19:41:01,24.86422462,36.08448391
7,9,2014-01-09 07:44:01,24.8641785,36.08442265
7,9,2014-01-09 20:16:01,24.8641805,36.08443014
7,10,2014-01-10 07:15:01,24.86422706,36.0843812
7,10,2014-01-10 23:00:01,24.86419482,36.08442703
7,11,2014-01-11 12:31:01,24.86419061,36.08444248
7,11,2014-01-11 19:56:51,24.86420011,36.08445334
7,12,2014-01-12 12:31:01,24.86423397,36.08443039
7,12,2014-01-12 20:46:01,24.86421894,36.08447472
7,13,2014-01-13 07:26:01,24.86418513,36.08439211
7,13,2014-01-13 17:26:41,24.86421568,36.08445248
7,14,2014-01-14 07:21:01,24.86424327,36.08442449
7,14,2014-01-14 21:44:41,24.86422398,36.08445046
7,15,2014-01-15 06:24:01,24.86423451,36.08445966
7,15,2014-01-15 20:05:02,24.86423355,36.08445578
7,16,2014-01-16 07:23:01,24.86423309,36.08444128
7,16,2014-01-16 17:54:41,24.86419506,36.0844489
7,17,2014-01-17 07:08:01,24.86420768,36.08441926
7,17,2014-01-17 20:08:42,24.86419177,36.08443497
7,18,2014-01-18 12:38:01,24.86413131,36.08443891
7,18,2014-01-18 15:32:38,24.86421473,36.08446485
7,19,2014-01-19 18:26:01,24.86421928,36.08445107
7,19,2014-01-19 20:11:06,24.86404339,36.08442738
8,6,2014-01-06 07:36:01,24.88594955,36.06725146
8,6,2014-01-06 17:37:46,24.88594659,36.06723739
8,7,2014-01-07 07:14:01,24.8858687,36.06723857
8,7,2014-01-07 20:24:40,24.88591581,36.06724185
8,8,2014-01-08 07:32:01,24.88590222,36.06727819
8,8,2014-01-08 20:46:55,24.88587989,36.0673003
8,9,2014-01-09 07:43:01,24.88593424,36.06719713
8,9,2014-01-09 20:34:48,24.88586603,36.06731997
8,10,2014-01-10 07:18:01,24.88596663,36.0672347
8,10,2014-01-10 23:55:01,24.88586728,36.06729805
8,11,2014-01-11 18:53:01,24.88594427,36.06722822
8,11,2014-01-11 19:58:40,24.88595122,36.06728513
8,12,2014-01-12 13:01:01,24.88589942,36.06729009
8,12,2014-01-12 19:24:40,24.88596139,36.06725174
8,13,2014-01-13 07:16:01,24.88590994,36.06726983
8,13,2014-01-13 21:05:40,24.88589482,36.06722721
8,14,2014-01-14 07:15:01,24.88587583,36.06722012
8,14,2014-01-14 20:22:40,24.8859643,36.06732347
8,15,2014-01-15 07:10:01,24.88591053,36.06723287
8,15,2014-01-15 17:30:46,24.8858686,36.06725016
8,16,2014-01-16 07:27:01,24.88589543,36.06717245
8,16,2014-01-16 19:49:40,24.88588051,36.06725852
8,17,2014-01-17 07:01:01,24.88591106,36.0672428
8,17,2014-01-17 20:34:40,24.88588734,36.06722536
8,18,2014-01-18 18:30:01,24.88593175,36.06716711
8,18,2014-01-18 19:41:40,24.88593257,36.06725441
8,19,2014-01-19 18:46:01,24.88595597,36.06729089
8,19,2014-01-19 20:03:38,24.88595564,36.06719519
9,6,2014-01-06 08:17:01,24.85095443,36.08172065
9,6,2014-01-06 19:19:01,24.85761839,36.07668754
9,7,2014-01-07 07:15:01,24.85639602,36.08424703
9,7,2014-01-07 17:15:01,24.85638029,36.08432022
9,8,2014-01-08 08:10:01,24.85093311,36.08179027
9,8,2014-01-08 20:34:13,24.85645312,36.08423757
9,9,2014-01-09 08:24:01,24.85092749,36.08176135
9,9,2014-01-09 20:18:13,24.85643643,36.08430917
9,10,2014-01-10 07:25:01,24.8564637,36.08426808
9,10,2014-01-10 23:57:01,24.85639886,36.08426401
9,11,2014-01-11 19:34:01,24.8575119,36.07665237
9,11,2014-01-11 19:36:13,24.85642276,36.08423126
9,12,2014-01-12 18:32:01,24.85641879,36.08429415
9,12,2014-01-12 18:34:15,24.85633237,36.07529478
9,13,2014-01-13 08:21:01,24.85093042,36.08178171
9,13,2014-01-13 17:36:57,24.85639469,36.08430276
9,14,2014-01-14 07:59:01,24.85096061,36.08172151
9,14,2014-01-14 19:37:11,24.8563197,36.08430906
9,15,2014-01-15 07:38:01,24.85644833,36.08426579
9,15,2014-01-15 20:33:13,24.85638433,36.08422846
9,16,2014-01-16 08:10:02,24.87020081,36.06963816
9,16,2014-01-16 20:55:07,24.85638404,36.08428872
9,17,2014-01-17 07:36:01,24.85639862,36.08423039
9,17,2014-01-17 20:29:13,24.85638345,36.08431288
9,18,2014-01-18 12:50:00,24.85490593,36.0804086
9,18,2014-01-18 23:57:01,24.85645418,36.08432477
9,19,2014-01-19 18:20:01,24.85629123,36.08428823
9,19,2014-01-19 20:25:10,24.85630098,36.0843002
10,6,2014-01-06 06:57:01,24.86586897,36.0767591
10,6,2014-01-06 22:11:01,24.86588553,36.07684354
10,7,2014-01-07 07:18:01,24.86586025,36.0767792
10,7,2014-01-07 21:57:44,24.86588509,36.07680148
10,8,2014-01-08 06:22:01,24.86588886,36.07683699
10,8,2014-01-08 20:59:01,24.86587986,36.07685033
10,9,2014-01-09 07:06:01,24.86587692,36.07680523
10,9,2014-01-09 21:40:01,24.86587498,36.07683
10,10,2014-01-10 06:40:01,24.86585476,36.07673727
10,10,2014-01-10 21:20:01,24.8658919,36.07685474
10,11,2014-01-11 18:20:01,24.8658561,36.07677027
10,11,2014-01-11 19:54:45,24.86588948,36.07682208
10,12,2014-01-12 12:39:01,24.86586837,36.07675492
10,12,2014-01-12 19:54:45,24.86587174,36.07683696
10,13,2014-01-13 06:49:01,24.86586473,36.07676071
10,13,2014-01-13 21:25:01,24.86587011,36.07683097
10,14,2014-01-14 07:17:01,24.86588573,36.07682444
10,14,2014-01-14 20:58:01,24.86588059,36.07684893
10,15,2014-01-15 06:41:01,24.86586205,36.07676538
10,15,2014-01-15 20:18:09,24.86587324,36.07684563
10,16,2014-01-16 07:10:01,24.86588951,36.07677233
10,16,2014-01-16 21:05:45,24.86590177,36.07683603
10,17,2014-01-17 07:03:01,24.86589151,36.07685448
10,17,2014-01-17 20:44:01,24.86586716,36.07683697
10,18,2014-01-18 12:23:01,24.86585975,36.07675828
10,18,2014-01-18 19:48:45,24.8658969,36.0768349
10,19,2014-01-19 12:35:01,24.8658979,36.07682603
10,19,2014-01-19 19:47:43,24.86585896,36.07676299
11,6,2014-01-06 07:02:01,24.85895841,36.08418394
11,6,2014-01-06 20:30:44,24.85899379,36.08416049
11,7,2014-01-07 07:36:01,24.85894303,36.08413931
11,7,2014-01-07 20:41:34,24.85897676,36.08419069
11,8,2014-01-08 07:35:01,24.85902531,36.08420583
11,8,2014-01-08 20:17:44,24.85904277,36.08415252
11,9,2014-01-09 07:22:01,24.8590479,36.08415814
11,9,2014-01-09 20:41:01,24.85903942,36.08418432
11,10,2014-01-10 07:06:01,24.85905081,36.08413405
11,10,2014-01-10 23:23:31,24.85897961,36.08415271
11,11,2014-01-11 12:47:01,24.85896662,36.08404208
11,11,2014-01-11 14:04:37,24.85897346,36.0841257
11,12,2014-01-12 18:33:01,24.85901782,36.08417852
11,12,2014-01-12 19:26:01,24.85896939,36.0842063
11,13,2014-01-13 07:42:01,24.85902058,36.08415175
11,13,2014-01-13 20:52:01,24.85902288,36.08419372
11,14,2014-01-14 07:18:01,24.85892044,36.08413239
11,14,2014-01-14 17:25:27,24.85902089,36.08412309
11,15,2014-01-15 07:51:01,24.859044,36.08412146
11,15,2014-01-15 20:33:44,24.85897785,36.08419411
11,16,2014-01-16 07:40:01,24.85897473,36.08420924
11,16,2014-01-16 20:24:44,24.8590353,36.08416649
11,17,2014-01-17 07:40:01,24.85898648,36.0841766
11,17,2014-01-17 19:48:09,24.85899695,36.08417139
11,18,2014-01-18 12:44:01,24.8590486,36.08412423
11,18,2014-01-18 19:24:44,24.85897309,36.08414179
11,19,2014-01-19 18:20:01,24.85902758,36.08404208
11,19,2014-01-19 19:47:42,24.85905231,36.08412884
12,6,2014-01-06 07:05:01,24.899077,36.06782827
12,6,2014-01-06 20:41:01,24.89912155,36.06783021
12,7,2014-01-07 07:08:01,24.89909018,36.06782165
12,7,2014-01-07 17:21:41,24.89912552,36.06784678
12,8,2014-01-08 07:10:01,24.89911352,36.06780941
12,8,2014-01-08 21:15:01,24.89913531,36.06785144
12,9,2014-01-09 07:04:01,24.89912509,36.06778426
12,9,2014-01-09 17:20:41,24.89916103,36.06782723
12,10,2014-01-10 07:29:01,24.89910083,36.0677134
12,10,2014-01-10 20:31:19,24.89912887,36.06781595
12,11,2014-01-11 13:01:01,24.89915645,36.06766548
12,11,2014-01-11 20:54:01,24.899171,36.06776675
12,12,2014-01-12 18:27:01,24.89909877,36.06784816
12,12,2014-01-12 19:32:19,24.89919259,36.06772742
12,13,2014-01-13 07:39:01,24.89915042,36.06776757
12,13,2014-01-13 21:19:01,24.89909885,36.06778199
12,14,2014-01-14 07:15:01,24.89909161,36.06784197
12,14,2014-01-14 20:05:19,24.89913767,36.06781135
12,15,2014-01-15 07:11:01,24.89911853,36.0678207
12,15,2014-01-15 19:43:35,24.89908568,36.06780658
12,16,2014-01-16 07:26:01,24.89913046,36.06776526
12,16,2014-01-16 20:44:19,24.89916374,36.06774733
12,17,2014-01-17 07:38:01,24.89914762,36.06767872
12,17,2014-01-17 21:01:01,24.89913116,36.06783486
12,19,2014-01-19 18:22:01,24.89917,36.06783559
12,19,2014-01-19 20:21:16,24.8992379,36.06759293
13,6,2014-01-06 07:27:01,24.90559649,36.06037235
13,6,2014-01-06 20:30:05,24.90561931,36.06035588
13,7,2014-01-07 07:37:01,24.905573,36.06044638
13,7,2014-01-07 19:52:01,24.90567974,36.06033621
13,8,2014-01-08 07:17:01,24.90567853,36.06034998
13,8,2014-01-08 21:04:05,24.90560219,36.06044475
13,9,2014-01-09 07:46:01,24.90567468,36.06038739
13,9,2014-01-09 17:24:46,24.90567619,36.06044428
13,10,2014-01-10 07:31:01,24.90568815,36.06035411
13,10,2014-01-10 20:31:13,24.90567149,36.06041929
13,11,2014-01-11 18:28:01,24.90557568,36.06034882
13,11,2014-01-11 19:29:45,24.90567919,36.0603317
13,12,2014-01-12 12:39:01,24.90563415,36.06040906
13,12,2014-01-12 15:53:01,24.90568472,36.06041284
13,13,2014-01-13 08:10:01,24.90557452,36.06037772
13,13,2014-01-13 20:23:05,24.905629,36.06038489
13,14,2014-01-14 07:33:01,24.90558539,36.0604279
13,14,2014-01-14 20:41:01,24.90556634,36.06043268
13,15,2014-01-15 07:12:01,24.90560543,36.06035504
13,15,2014-01-15 20:06:51,24.90567405,36.06040163
13,16,2014-01-16 08:01:01,24.90569385,36.0603443
13,16,2014-01-16 20:36:25,24.90564076,36.06041996
13,17,2014-01-17 07:38:01,24.90564335,36.06032968
13,17,2014-01-17 20:23:05,24.9055792,36.06039484
13,18,2014-01-18 11:13:01,24.90568888,36.06037829
13,18,2014-01-18 20:21:43,24.9055474,36.06043458
14,6,2014-01-06 07:26:01,24.89610631,36.0634252
14,6,2014-01-06 20:18:01,24.89612466,36.06343077
14,7,2014-01-07 07:01:01,24.8961727,36.06337244
14,7,2014-01-07 20:20:05,24.89615992,36.06332151
14,8,2014-01-08 07:12:01,24.89616601,36.06335155
14,8,2014-01-08 21:22:01,24.8961707,36.06340025
14,9,2014-01-09 07:17:01,24.89615217,36.06339197
14,9,2014-01-09 17:39:39,24.89614976,36.06342359
14,10,2014-01-10 07:08:01,24.89608676,36.06335476
14,10,2014-01-10 23:39:30,24.89610913,36.06339952
14,11,2014-01-11 18:51:01,24.89623207,36.06329751
14,11,2014-01-11 20:57:00,24.89634769,36.06331249
14,12,2014-01-12 11:32:01,24.89608084,36.0633385
14,12,2014-01-12 23:21:01,24.8961713,36.06340962
14,13,2014-01-13 07:05:01,24.89609462,36.06340586
14,13,2014-01-13 21:09:01,24.89611562,36.06339394
14,14,2014-01-14 07:43:01,24.89617856,36.06337848
14,14,2014-01-14 20:36:01,24.8961006,36.06337798
14,15,2014-01-15 07:41:01,24.89609042,36.06332717
14,15,2014-01-15 20:40:08,24.89609561,36.0634103
14,16,2014-01-16 07:13:01,24.89603691,36.06328296
14,16,2014-01-16 19:49:08,24.8961049,36.06337647
14,17,2014-01-17 07:28:01,24.89610161,36.06333797
14,17,2014-01-17 17:45:39,24.89608047,36.06337243
14,18,2014-01-18 12:38:01,24.89620626,36.06335747
14,18,2014-01-18 19:40:05,24.8961181,36.06340335
14,19,2014-01-19 18:25:01,24.89617656,36.06335585
14,19,2014-01-19 20:09:00,24.89638925,36.06331969
15,6,2014-01-06 07:46:01,24.90563061,36.06044136
15,6,2014-01-06 17:26:46,24.90560128,36.06038292
15,7,2014-01-07 03:20:01,24.90563273,36.06041187
15,7,2014-01-07 20:35:01,24.90561979,36.06042691
15,8,2014-01-08 07:18:01,24.9055727,36.06038867
15,8,2014-01-08 20:20:18,24.90559778,36.06035915
15,9,2014-01-09 03:20:01,24.90559651,36.06035331
15,9,2014-01-09 20:55:01,24.90561557,36.06044492
15,10,2014-01-10 07:23:01,24.90562838,36.06041484
15,10,2014-01-10 20:54:01,24.90559017,36.06036971
15,11,2014-01-11 11:00:01,24.90568849,36.06035271
15,11,2014-01-11 14:12:47,24.90564191,36.06032559
15,12,2014-01-12 18:29:01,24.90563003,36.06034687
15,12,2014-01-12 19:36:01,24.90568753,36.06036371
15,13,2014-01-13 07:31:01,24.90568246,36.0603396
15,13,2014-01-13 19:39:01,24.9056303,36.06041313
15,14,2014-01-14 07:31:01,24.90557725,36.06030341
15,14,2014-01-14 20:27:05,24.90557448,36.06035241
15,15,2014-01-15 07:43:01,24.90558487,36.06039405
15,15,2014-01-15 21:06:01,24.90569074,36.06035506
15,16,2014-01-16 07:34:01,24.90558481,36.06037918
15,16,2014-01-16 20:19:05,24.90558414,36.06036581
15,17,2014-01-17 07:53:01,24.90564686,36.06032708
15,17,2014-01-17 20:31:05,24.90557893,36.06036528
15,18,2014-01-18 12:51:01,24.9056299,36.06034943
15,18,2014-01-18 20:16:45,24.90557594,36.06040509
15,19,2014-01-19 18:28:01,24.90564311,36.06032492
15,19,2014-01-19 20:36:03,24.90552412,36.06031833
16,6,2014-01-06 07:15:01,24.90563481,36.06037243
16,6,2014-01-06 23:09:54,24.86591,36.07682973
16,7,2014-01-07 01:10:01,24.86587804,36.07683239
16,7,2014-01-07 20:22:05,24.90557983,36.06041748
16,8,2014-01-08 06:51:01,24.9055822,36.06039831
16,8,2014-01-08 19:43:01,24.90560812,36.06033541
16,9,2014-01-09 07:30:01,24.90564566,36.06043483
16,9,2014-01-09 19:48:05,24.90557804,36.06034547
16,10,2014-01-10 07:16:01,24.90554731,36.06028619
16,10,2014-01-10 23:21:01,24.87466429,36.07625123
16,11,2014-01-11 03:23:01,24.87467222,36.07620437
16,11,2014-01-11 20:19:05,24.9056833,36.06035464
16,12,2014-01-12 18:32:01,24.9055252,36.06031607
16,12,2014-01-12 19:50:01,24.90564069,36.06044503
16,13,2014-01-13 07:33:01,24.90560828,36.06034425
16,13,2014-01-13 20:13:01,24.90556767,36.0603658
16,14,2014-01-14 07:10:01,24.90564066,36.06036159
16,14,2014-01-14 21:42:01,24.90568346,36.06036299
16,15,2014-01-15 07:23:01,24.90559382,36.06042693
16,15,2014-01-15 20:06:05,24.90558356,36.06033695
16,16,2014-01-16 06:57:01,24.90567874,36.06043795
16,16,2014-01-16 21:05:39,24.9056083,36.0603279
16,17,2014-01-17 07:44:01,24.90559563,36.06035283
16,17,2014-01-17 20:51:01,24.90568627,36.06043168
16,18,2014-01-18 18:39:01,24.90557282,36.06041794
16,18,2014-01-18 20:15:45,24.90563806,36.06044667
16,19,2014-01-19 12:23:01,24.90566309,36.06034422
16,19,2014-01-19 20:02:03,24.90558706,36.06033956
17,6,2014-01-06 07:03:01,24.8987887,36.06241285
17,6,2014-01-06 19:29:01,24.89881916,36.06246727
17,7,2014-01-07 06:56:01,24.89875113,36.06239498
17,7,2014-01-07 20:14:23,24.89882287,36.06245561
17,8,2014-01-08 07:40:01,24.89887737,36.06243288
17,8,2014-01-08 20:13:23,24.89881211,36.06246933
17,9,2014-01-09 07:29:01,24.89887526,36.06244931
17,9,2014-01-09 20:43:23,24.89877777,36.06246272
17,10,2014-01-10 07:37:01,24.8988674,36.06251726
17,10,2014-01-10 20:23:01,24.8987665,36.06248894
17,11,2014-01-11 18:52:01,24.89883821,36.06253293
17,11,2014-01-11 20:16:23,24.89885206,36.06253873
17,12,2014-01-12 18:36:01,24.89879052,36.06237452
17,12,2014-01-12 19:33:53,24.89879483,36.06251694
17,13,2014-01-13 07:11:01,24.89885561,36.06253466
17,13,2014-01-13 20:24:23,24.89884691,36.06247011
17,14,2014-01-14 07:29:01,24.89884722,36.06242895
17,14,2014-01-14 20:22:23,24.89882101,36.06250122
17,15,2014-01-15 06:52:01,24.89875554,36.06241568
17,15,2014-01-15 21:00:01,24.89887653,36.06249085
17,16,2014-01-16 07:28:01,24.89874067,36.06242264
17,16,2014-01-16 19:11:23,24.89882734,36.06249034
17,17,2014-01-17 07:00:01,24.89880121,36.06245975
17,17,2014-01-17 20:14:53,24.89887071,36.06244952
17,18,2014-01-18 12:14:01,24.89881793,36.06252705
17,18,2014-01-18 18:15:01,24.89881397,36.06247525
17,19,2014-01-19 12:49:01,24.89884822,36.06253955
17,19,2014-01-19 19:53:21,24.89879552,36.06235986
18,6,2014-01-06 07:11:01,24.89614391,36.06333044
18,6,2014-01-06 21:08:05,24.89606524,36.06335434
18,7,2014-01-07 07:47:01,24.89610903,36.06338101
18,7,2014-01-07 20:46:05,24.89608479,36.06333756
18,8,2014-01-08 07:20:01,24.89611826,36.063355
18,8,2014-01-08 17:23:39,24.89616854,36.06336424
18,9,2014-01-09 07:29:01,24.89610092,36.06338521
18,9,2014-01-09 21:07:01,24.89606717,36.06337299
18,10,2014-01-10 07:29:01,24.89605402,36.06336649
18,10,2014-01-10 22:43:01,24.89616605,36.06341416
18,11,2014-01-11 12:47:01,24.89602575,36.06332758
18,11,2014-01-11 19:19:01,24.89612281,36.06340602
18,13,2014-01-13 07:04:01,24.89617193,36.0633587
18,13,2014-01-13 17:40:39,24.89615637,36.06338245
18,14,2014-01-14 07:41:01,24.89612149,36.06341491
18,14,2014-01-14 21:19:05,24.89612186,36.06337881
18,15,2014-01-15 06:59:01,24.89609382,36.06334326
18,15,2014-01-15 20:09:05,24.89611766,36.0633659
18,16,2014-01-16 07:24:01,24.89610383,36.06340305
18,16,2014-01-16 20:38:05,24.89612111,36.06341277
18,17,2014-01-17 07:13:01,24.89609072,36.06332304
18,17,2014-01-17 20:33:00,24.89607749,36.06338901
18,18,2014-01-18 13:00:01,24.89616587,36.06338893
18,18,2014-01-18 19:32:48,24.8961523,36.06335938
18,19,2014-01-19 18:13:01,24.89615002,36.06334496
18,19,2014-01-19 20:38:03,24.89611237,36.06331393
19,6,2014-01-06 06:53:01,24.85630104,36.0878448
19,6,2014-01-06 20:36:53,24.85628908,36.0878309
19,7,2014-01-07 07:00:01,24.85622213,36.08789361
19,7,2014-01-07 20:10:01,24.85628189,36.08783588
19,8,2014-01-08 07:10:01,24.85630084,36.08782853
19,8,2014-01-08 20:10:01,24.85636,36.08793146
19,9,2014-01-09 07:03:01,24.85626711,36.08783087
19,9,2014-01-09 21:12:01,24.85630248,36.0878445
19,10,2014-01-10 07:37:01,24.8563725,36.08784853
19,10,2014-01-10 23:58:13,24.85634139,36.08783945
19,11,2014-01-11 00:22:01,24.85630532,36.08791041
19,11,2014-01-11 13:48:20,24.85626317,36.08785727
19,12,2014-01-12 18:18:01,24.85633089,36.08791436
19,12,2014-01-12 19:38:53,24.85634066,36.08782071
19,13,2014-01-13 07:12:01,24.85632423,36.08784825
19,13,2014-01-13 17:57:35,24.85630419,36.08789497
19,14,2014-01-14 07:11:01,24.85623336,36.08786426
19,14,2014-01-14 21:15:01,24.85632168,36.08790536
19,15,2014-01-15 07:07:01,24.85627417,36.08788944
19,15,2014-01-15 21:14:53,24.85632739,36.08793202
19,16,2014-01-16 07:19:01,24.85635941,36.08790042
19,16,2014-01-16 20:48:53,24.8562986,36.08792703
19,17,2014-01-17 07:39:01,24.85633142,36.08791502
19,17,2014-01-17 17:53:35,24.85631216,36.08782311
19,18,2014-01-18 12:39:01,24.85630439,36.08783991
19,18,2014-01-18 19:39:53,24.85633057,36.08786537
19,19,2014-01-19 12:42:01,24.85634206,36.08786172
19,19,2014-01-19 19:48:51,24.85630507,36.08785816
20,6,2014-01-06 07:13:01,24.90106773,36.06589077
20,6,2014-01-06 20:27:01,24.90103414,36.06589799
20,7,2014-01-07 07:13:01,24.90107483,36.0658768
20,7,2014-01-07 17:35:53,24.90105196,36.06589792
20,8,2014-01-08 07:18:01,24.90106618,36.06585929
20,8,2014-01-08 17:22:53,24.90102048,36.0659183
20,9,2014-01-09 07:11:01,24.90110139,36.06585342
20,9,2014-01-09 20:10:01,24.9010367,36.06589308
20,10,2014-01-10 07:01:01,24.90111784,36.06585821
20,10,2014-01-10 20:00:01,24.90100714,36.06593773
20,11,2014-01-11 18:50:01,24.9010385,36.06576739
20,11,2014-01-11 19:38:47,24.90106879,36.06585274
20,12,2014-01-12 18:32:01,24.9010308,36.06593328
20,12,2014-01-12 20:19:01,24.90100916,36.06586525
20,13,2014-01-13 07:16:01,24.90103726,36.0658012
20,13,2014-01-13 17:42:53,24.90103467,36.06583254
20,14,2014-01-14 07:10:01,24.90100673,36.06586855
20,14,2014-01-14 20:24:11,24.9009979,36.06592253
20,15,2014-01-15 07:21:01,24.90102694,36.06586176
20,15,2014-01-15 20:13:01,24.90103148,36.06582169
20,16,2014-01-16 07:44:01,24.90110865,36.06586204
20,16,2014-01-16 20:23:47,24.90105882,36.06587199
20,17,2014-01-17 07:18:01,24.90106738,36.06582881
20,17,2014-01-17 19:34:47,24.90102537,36.06591574
20,18,2014-01-18 18:15:01,24.90100841,36.06589247
20,18,2014-01-18 19:45:47,24.90096591,36.06583151
20,19,2014-01-19 18:14:01,24.90108011,36.06578798
20,19,2014-01-19 19:58:44,24.90111828,36.06574451
21,6,2014-01-06 07:24:01,24.90558542,36.06034609
21,6,2014-01-06 20:34:45,24.90561205,36.06036892
21,7,2014-01-07 07:44:01,24.90563073,36.06028291
21,7,2014-01-07 21:23:01,24.90565706,36.06043409
21,8,2014-01-08 07:35:01,24.90566053,36.06044006
21,8,2014-01-08 17:27:39,24.89607329,36.06341964
21,9,2014-01-09 07:41:01,24.89614463,36.06336681
21,9,2014-01-09 20:24:01,24.90566674,36.06041301
21,10,2014-01-10 07:24:01,24.90569116,36.0603222
21,10,2014-01-10 20:11:01,24.90561865,36.06034333
21,11,2014-01-11 03:20:01,24.90556693,36.0604303
21,11,2014-01-11 20:24:55,24.89614422,36.06332477
21,12,2014-01-12 18:46:01,24.8961315,36.06335814
21,12,2014-01-12 20:17:05,24.89614295,36.06332483
21,13,2014-01-13 07:11:01,24.89608725,36.06335589
21,13,2014-01-13 23:08:13,24.87211744,36.07821967
21,14,2014-01-14 03:20:01,24.87214469,36.07819286
21,14,2014-01-14 21:36:01,24.90561373,36.06036144
21,15,2014-01-15 07:23:01,24.90561644,36.0603094
21,15,2014-01-15 17:35:39,24.89614467,36.06339713
21,16,2014-01-16 07:48:01,24.89610326,36.06334289
21,16,2014-01-16 20:32:45,24.90567797,36.06037015
21,17,2014-01-17 07:49:01,24.90559367,36.06028145
21,17,2014-01-17 21:37:01,24.90559558,36.06043476
21,18,2014-01-18 18:35:01,24.90558635,36.06033789
21,18,2014-01-18 20:11:05,24.89616043,36.06336185
21,19,2014-01-19 18:36:01,24.89622527,36.06330891
21,19,2014-01-19 19:49:04,24.89632125,36.06327544
22,6,2014-01-06 08:04:01,24.90102032,36.05844706
22,6,2014-01-06 17:57:16,24.90100909,36.05842868
22,7,2014-01-07 07:29:01,24.90102684,36.0584489
22,7,2014-01-07 17:41:16,24.90099063,36.05847783
22,8,2014-01-08 07:58:01,24.90105133,36.05851345
22,8,2014-01-08 20:24:01,24.90105107,36.05844609
22,9,2014-01-09 07:37:01,24.9010053,36.05850852
22,9,2014-01-09 20:28:58,24.90107603,36.05852719
22,10,2014-01-10 07:23:01,24.90110894,36.05846409
22,10,2014-01-10 17:47:16,24.90099253,36.05843602
22,11,2014-01-11 18:24:01,24.90106465,36.05851922
22,11,2014-01-11 20:19:08,24.90102283,36.05849875
22,12,2014-01-12 12:55:01,24.90092126,36.05848849
22,12,2014-01-12 20:01:01,24.90097622,36.05843937
22,13,2014-01-13 07:30:01,24.90096522,36.05847271
22,13,2014-01-13 20:45:58,24.90103494,36.05850485
22,14,2014-01-14 07:40:01,24.90100952,36.05848428
22,14,2014-01-14 17:57:16,24.90103973,36.05848876
22,15,2014-01-15 07:28:01,24.90103038,36.05846367
22,15,2014-01-15 21:07:01,24.90107675,36.05842836
22,16,2014-01-16 07:20:01,24.90103817,36.05851673
22,16,2014-01-16 21:03:03,24.90099604,36.05849828
22,17,2014-01-17 08:02:01,24.90107499,36.05848246
22,17,2014-01-17 20:30:03,24.90104675,36.0584438
22,18,2014-01-18 10:02:01,24.90098311,36.05842222
22,18,2014-01-18 20:18:03,24.90105143,36.05849435
22,19,2014-01-19 18:35:01,24.90100458,36.05852696
22,19,2014-01-19 19:46:54,24.90124546,36.05840911
23,6,2014-01-06 07:43:01,24.90104623,36.05847724
23,6,2014-01-06 20:21:01,24.90098797,36.05853075
23,7,2014-01-07 07:45:01,24.90102965,36.0584526
23,7,2014-01-07 20:05:01,24.90100773,36.05842978
23,8,2014-01-08 07:34:01,24.90108148,36.05846038
23,8,2014-01-08 20:19:58,24.90099261,36.05850052
23,9,2014-01-09 07:41:01,24.90101976,36.05841526
23,9,2014-01-09 19:40:01,24.90104402,36.05844546
23,10,2014-01-10 07:21:01,24.90104516,36.05843468
23,10,2014-01-10 17:34:16,24.90106906,36.05853764
23,11,2014-01-11 12:46:01,24.90101074,36.05844641
23,11,2014-01-11 13:50:07,24.90102624,36.05851731
23,12,2014-01-12 18:31:01,24.90113558,36.05841954
23,12,2014-01-12 19:20:01,24.90096832,36.05850279
23,13,2014-01-13 07:42:01,24.90105408,36.05842518
23,13,2014-01-13 17:18:16,24.90105074,36.05850876
23,14,2014-01-14 07:32:01,24.901013,36.05840964
23,14,2014-01-14 20:19:02,24.90101718,36.05850239
23,15,2014-01-15 07:37:01,24.90102388,36.05848679
23,15,2014-01-15 20:00:58,24.90105181,36.05845196
23,16,2014-01-16 07:10:01,24.90098523,36.05849035
23,16,2014-01-16 19:10:58,24.90107693,36.05843671
23,17,2014-01-17 07:53:01,24.90101463,36.0584432
23,17,2014-01-17 20:22:01,24.90106432,36.0584801
23,18,2014-01-18 12:44:01,24.90108797,36.0585
23,18,2014-01-18 19:23:01,24.90105793,36.05850979
23,19,2014-01-19 12:50:01,24.90102903,36.05852511
23,19,2014-01-19 19:46:53,24.90126231,36.05839429
24,6,2014-01-06 07:40:01,24.89883148,36.06244564
24,6,2014-01-06 21:15:01,24.89887937,36.06251128
24,7,2014-01-07 07:21:01,24.89886489,36.06250291
24,7,2014-01-07 18:00:38,24.89887053,36.06246867
24,8,2014-01-08 08:06:01,24.89877023,36.06250671
24,8,2014-01-08 23:53:01,24.87458647,36.07213845
24,9,2014-01-09 03:30:01,24.8746267,36.07214572
24,9,2014-01-09 21:22:01,24.89877175,36.06253028
24,10,2014-01-10 07:50:01,24.89884682,36.06248732
24,10,2014-01-10 22:20:01,24.89885075,36.06244821
24,11,2014-01-11 12:54:01,24.89877099,36.06243193
24,11,2014-01-11 17:24:01,24.89886904,36.06243228
24,13,2014-01-13 07:32:01,24.89881428,36.0624566
24,13,2014-01-13 19:31:35,24.89888007,36.06251342
24,14,2014-01-14 03:20:01,24.89887268,36.06249313
24,14,2014-01-14 20:43:35,24.89880864,36.06250881
24,15,2014-01-15 07:43:01,24.89881388,36.06247363
24,15,2014-01-15 19:58:23,24.89880646,36.06250017
24,16,2014-01-16 07:57:01,24.89877795,36.0625244
24,16,2014-01-16 20:37:19,24.89879541,36.06253768
24,17,2014-01-17 07:18:01,24.89879108,36.06246122
24,17,2014-01-17 21:17:01,24.89878798,36.06252687
24,18,2014-01-18 18:39:01,24.89881689,36.06236628
24,18,2014-01-18 19:40:32,24.89885686,36.06245849
24,19,2014-01-19 12:43:01,24.89882726,36.06243095
24,19,2014-01-19 20:38:18,24.8985801,36.06224171
25,6,2014-01-06 07:43:01,24.89481654,36.0594567
25,6,2014-01-06 21:33:01,24.8948565,36.05944833
25,7,2014-01-07 07:48:01,24.89476557,36.05946293
25,7,2014-01-07 20:16:02,24.8948044,36.05949427
25,8,2014-01-08 07:47:01,24.89474428,36.05948199
25,8,2014-01-08 20:33:02,24.89484289,36.05950307
25,9,2014-01-09 07:41:01,24.89479234,36.05940556
25,9,2014-01-09 17:30:42,24.89483243,36.05943354
25,10,2014-01-10 07:52:01,24.89484642,36.05944873
25,10,2014-01-10 23:44:01,24.89484557,36.059494
25,11,2014-01-11 12:39:01,24.89488863,36.05943086
25,11,2014-01-11 19:35:02,24.89478087,36.05951269
25,12,2014-01-12 12:54:01,24.89477867,36.05943391
25,12,2014-01-12 20:21:02,24.89480198,36.05952115
25,13,2014-01-13 07:53:01,24.8947829,36.05947284
25,13,2014-01-13 20:35:01,24.89478312,36.05949258
25,14,2014-01-14 07:39:01,24.89485726,36.0594569
25,14,2014-01-14 17:25:42,24.89480439,36.05948604
25,15,2014-01-15 07:07:01,24.89473994,36.05944979
25,15,2014-01-15 20:09:02,24.89483645,36.05947632
25,16,2014-01-16 08:03:01,24.89484807,36.05942605
25,16,2014-01-16 20:40:02,24.89485896,36.05950156
25,17,2014-01-17 07:20:01,24.89483535,36.059403
25,17,2014-01-17 21:11:01,24.89477722,36.05944808
25,18,2014-01-18 12:38:01,24.89474868,36.05937334
25,18,2014-01-18 12:47:34,24.84936527,36.05293538
25,19,2014-01-19 12:38:01,24.84941679,36.05292229
25,19,2014-01-19 20:04:50,24.8946842,36.05934489
26,6,2014-01-06 07:19:01,24.88400289,36.07289785
26,6,2014-01-06 21:57:01,24.8840171,36.07294514
26,7,2014-01-07 07:30:01,24.88400716,36.07301365
26,7,2014-01-07 21:56:01,24.88399554,36.07299792
26,8,2014-01-08 07:02:01,24.88400391,36.07292145
26,8,2014-01-08 20:16:04,24.88404303,36.07292223
26,9,2014-01-09 07:11:01,24.88402871,36.07296903
26,9,2014-01-09 21:30:04,24.88400084,36.07296957
26,10,2014-01-10 07:14:01,24.88399173,36.07292428
26,10,2014-01-10 20:10:02,24.86039211,36.08549116
26,11,2014-01-11 00:22:01,24.86053551,36.08542135
26,11,2014-01-11 20:04:01,24.88396705,36.0729825
26,12,2014-01-12 12:50:01,24.88403312,36.07297708
26,12,2014-01-12 15:31:01,24.88403356,36.07298368
26,13,2014-01-13 07:14:01,24.88400578,36.07288259
26,13,2014-01-13 20:44:01,24.88399649,36.0729932
26,14,2014-01-14 07:11:01,24.88397656,36.07295067
26,14,2014-01-14 17:37:34,24.88396442,36.07292924
26,15,2014-01-15 07:39:01,24.88404656,36.07290387
26,15,2014-01-15 20:37:04,24.88404637,36.07294802
26,16,2014-01-16 07:23:01,24.88399741,36.07294625
26,16,2014-01-16 17:57:34,24.88396912,36.07297987
26,17,2014-01-17 07:02:01,24.88404942,36.07296171
26,17,2014-01-17 20:19:01,24.88404046,36.07292145
26,18,2014-01-18 18:17:01,24.88400651,36.07292312
26,18,2014-01-18 20:07:01,24.88405375,36.0729652
26,19,2014-01-19 12:32:01,24.88403066,36.07290659
26,19,2014-01-19 14:11:59,24.88405659,36.0726931
27,6,2014-01-06 07:34:01,24.88426578,36.06918401
27,6,2014-01-06 21:08:21,24.88422138,36.06928237
27,7,2014-01-07 07:22:01,24.88424693,36.06923375
27,7,2014-01-07 20:57:21,24.88417655,36.06929473
27,8,2014-01-08 07:19:01,24.88417003,36.06920321
27,8,2014-01-08 17:13:51,24.88423898,36.06923774
27,9,2014-01-09 07:25:01,24.88419135,36.0692423
27,9,2014-01-09 20:21:21,24.88417243,36.06929364
27,10,2014-01-10 07:25:01,24.88419512,36.06922819
27,10,2014-01-10 17:34:51,24.88420722,36.06925169
27,11,2014-01-11 18:44:01,24.88426106,36.06922564
27,11,2014-01-11 20:43:21,24.88425277,36.06929936
27,12,2014-01-12 13:05:01,24.88414685,36.06923452
27,12,2014-01-12 19:55:21,24.88425165,36.0692353
27,13,2014-01-13 07:25:01,24.88425047,36.06919408
27,13,2014-01-13 17:17:51,24.884223,36.0692819
27,14,2014-01-14 07:48:01,24.88417649,36.06925096
27,14,2014-01-14 20:48:01,24.88421176,36.06926783
27,15,2014-01-15 07:36:01,24.88418406,36.06920645
27,15,2014-01-15 20:00:21,24.8842189,36.06924972
27,16,2014-01-16 07:04:01,24.88425905,36.06928895
27,16,2014-01-16 20:59:21,24.88418517,36.06923591
27,17,2014-01-17 07:33:01,24.8842064,36.06924264
27,17,2014-01-17 19:30:21,24.8841949,36.06926007
27,19,2014-01-19 12:57:01,24.88418695,36.06913832
27,19,2014-01-19 14:32:19,24.88424549,36.06918913
28,6,2014-01-06 07:46:01,24.87956597,36.06916931
28,6,2014-01-06 20:01:01,24.87610634,36.07296458
28,7,2014-01-07 07:36:01,24.87543092,36.07281755
28,7,2014-01-07 20:20:47,24.87569729,36.07377973
28,8,2014-01-08 07:45:01,24.87587186,36.07317438
28,8,2014-01-08 20:20:47,24.87571049,36.07380172
28,9,2014-01-09 07:10:01,24.87512096,36.07283338
28,9,2014-01-09 19:53:01,24.87494694,36.07294459
28,10,2014-01-10 07:13:01,24.87580188,36.0737372
28,10,2014-01-10 22:27:29,24.87554272,36.07334813
28,11,2014-01-11 18:20:01,24.87557605,36.0735294
28,11,2014-01-11 20:12:52,24.87593109,36.07340565
28,12,2014-01-12 18:34:01,24.87523209,36.07296452
28,12,2014-01-12 23:26:35,24.87643536,36.07355686
28,13,2014-01-13 06:32:01,24.87602803,36.07275516
28,13,2014-01-13 17:15:34,24.87582627,36.07368984
28,14,2014-01-14 07:21:01,24.87558643,36.07332911
28,14,2014-01-14 20:53:01,24.87498177,36.07377601
28,15,2014-01-15 07:40:01,24.87616378,36.07282482
28,15,2014-01-15 19:26:47,24.87610948,36.07319653
28,16,2014-01-16 07:39:01,24.87544349,36.07257805
28,16,2014-01-16 21:23:45,24.8749658,36.07257301
28,17,2014-01-17 06:13:01,24.87510166,36.07352802
28,17,2014-01-17 20:12:47,24.87511463,36.07296917
28,18,2014-01-18 10:02:01,24.87577516,36.0726308
28,18,2014-01-18 23:59:57,24.88375389,36.06672766
28,19,2014-01-19 00:00:00,24.88416039,36.06657987
28,19,2014-01-19 20:11:19,24.87569457,36.07363754
29,6,2014-01-06 07:21:48,24.89479046,36.05941141
29,6,2014-01-06 20:37:58,24.89483042,36.05943187
29,7,2014-01-07 07:30:26,24.89478624,36.05944815
29,7,2014-01-07 20:43:35,24.89483012,36.05951469
29,8,2014-01-08 07:36:34,24.89474369,36.05938916
29,8,2014-01-08 20:53:01,24.89477097,36.0594771
29,9,2014-01-09 07:03:21,24.89479818,36.05945288
29,9,2014-01-09 19:37:36,24.89477447,36.0595042
29,10,2014-01-10 07:03:33,24.89477355,36.05949014
29,10,2014-01-10 20:07:39,24.89483684,36.05943163
29,11,2014-01-11 18:36:57,24.8948251,36.0595118
29,11,2014-01-11 23:59:57,24.89145466,36.06107587
29,12,2014-01-12 00:00:03,24.89203705,36.06104047
29,12,2014-01-12 20:16:28,24.8947874,36.05945782
29,13,2014-01-13 07:05:24,24.89482567,36.05943021
29,13,2014-01-13 19:57:46,24.89483519,36.05945166
29,14,2014-01-14 07:15:56,24.8948264,36.05942099
29,14,2014-01-14 20:26:12,24.89476562,36.05947909
29,15,2014-01-15 07:31:36,24.89476591,36.0594939
29,15,2014-01-15 21:50:01,24.89478206,36.05945083
29,16,2014-01-16 07:15:35,24.89478038,36.05945692
29,16,2014-01-16 19:54:43,24.89478523,36.05943453
29,17,2014-01-17 07:25:07,24.89481583,36.05950651
29,17,2014-01-17 17:31:51,24.89480673,36.0595112
29,18,2014-01-18 12:51:33,24.89475114,36.05939107
29,18,2014-01-18 20:01:03,24.89482688,36.05949253
29,19,2014-01-19 18:25:16,24.89477211,36.05951248
30,6,2014-01-06 07:44:01,24.90104248,36.0584425
30,6,2014-01-06 20:13:01,24.90105528,36.05845679
30,7,2014-01-07 07:37:01,24.90100899,36.05848651
30,7,2014-01-07 20:22:10,24.90097063,36.05842397
30,8,2014-01-08 07:45:01,24.90103085,36.0584834
30,8,2014-01-08 21:02:01,24.90107694,36.05844871
30,9,2014-01-09 07:46:01,24.90105671,36.05847983
30,9,2014-01-09 20:22:10,24.90105694,36.05843576
30,10,2014-01-10 07:38:01,24.90101227,36.05852453
30,10,2014-01-10 20:12:58,24.90100455,36.05845073
30,11,2014-01-11 12:52:01,24.90103811,36.05844216
30,11,2014-01-11 20:30:10,24.90097845,36.05850742
30,12,2014-01-12 11:32:01,24.90107504,36.05848183
30,12,2014-01-12 19:19:01,24.90106137,36.05847458
30,13,2014-01-13 07:48:01,24.90100495,36.05847986
30,13,2014-01-13 21:01:01,24.90097577,36.05851365
30,14,2014-01-14 07:36:01,24.90103394,36.05851653
30,14,2014-01-14 20:54:10,24.90097534,36.05844949
30,15,2014-01-15 07:46:01,24.90107151,36.05843263
30,15,2014-01-15 17:21:16,24.90106419,36.05850214
30,16,2014-01-16 07:35:01,24.90101171,36.05847844
30,16,2014-01-16 20:15:58,24.90101225,36.05850467
30,17,2014-01-17 07:40:01,24.9010921,36.05848984
30,17,2014-01-17 19:49:58,24.90107786,36.05843132
30,18,2014-01-18 12:54:01,24.90101446,36.05849062
30,18,2014-01-18 20:34:01,24.90097897,36.05853371
30,19,2014-01-19 13:10:01,24.90099671,36.05849153
30,19,2014-01-19 20:56:55,24.90109471,36.05848991
31,17,2014-01-17 07:31:01,24.8951505,36.07066761
31,17,2014-01-17 17:36:07,24.89520395,36.0707297
31,18,2014-01-18 12:35:01,24.89514879,36.07057375
31,18,2014-01-18 14:01:01,24.89521084,36.07072848
31,19,2014-01-19 13:15:01,24.89519635,36.07073741
31,19,2014-01-19 19:50:26,24.89522663,36.07063152
32,6,2014-01-06 07:02:01,24.87461763,36.07214754
32,6,2014-01-06 21:24:01,24.87458834,36.07214883
32,7,2014-01-07 07:15:01,24.87461987,36.07211902
32,7,2014-01-07 21:07:01,24.87458735,36.07211723
32,8,2014-01-08 07:19:01,24.87462182,36.07213291
32,8,2014-01-08 17:53:48,24.87462755,36.07212268
32,9,2014-01-09 07:09:01,24.87461389,36.07214269
32,9,2014-01-09 21:26:02,24.87460287,36.07214703
32,10,2014-01-10 07:03:01,24.87460348,36.07214769
32,10,2014-01-10 21:30:02,24.87461607,36.07211832
32,11,2014-01-11 12:27:01,24.87458425,36.07214574
32,11,2014-01-11 19:35:03,24.8746141,36.0721305
32,12,2014-01-12 12:26:01,24.87461182,36.07211887
32,12,2014-01-12 19:58:02,24.8746153,36.07212438
32,13,2014-01-13 06:52:01,24.87459555,36.07211767
32,13,2014-01-13 23:00:01,24.87458724,36.0721156
32,14,2014-01-14 07:12:01,24.87458568,36.07215088
32,14,2014-01-14 17:53:48,24.87460303,36.07213522
32,15,2014-01-15 07:10:01,24.8745979,36.07215279
32,15,2014-01-15 21:58:01,24.8746277,36.07215696
32,16,2014-01-16 07:17:01,24.87460274,36.07212857
32,16,2014-01-16 18:07:48,24.87462417,36.07214854
32,17,2014-01-17 07:32:01,24.87462196,36.07215701
32,17,2014-01-17 17:59:48,24.8745924,36.07211581
32,18,2014-01-18 12:43:01,24.87459201,36.07215399
32,18,2014-01-18 19:13:01,24.87461923,36.07213114
32,19,2014-01-19 12:31:01,24.87459858,36.07214305
32,19,2014-01-19 20:24:00,24.87463706,36.07218896
33,6,2014-01-06 07:26:01,24.89882018,36.06247634
33,6,2014-01-06 17:37:38,24.8988012,36.06246262
33,7,2014-01-07 07:41:01,24.89887003,36.06245993
33,7,2014-01-07 20:21:23,24.89879427,36.06243091
33,8,2014-01-08 07:34:01,24.89882212,36.06246664
33,8,2014-01-08 20:31:01,24.89885112,36.06243694
33,9,2014-01-09 07:05:01,24.89880153,36.06245206
33,9,2014-01-09 17:44:38,24.89886185,36.06247823
33,10,2014-01-10 07:12:01,24.89875246,36.0623925
33,10,2014-01-10 23:47:02,24.89886779,36.06253875
33,11,2014-01-11 12:32:01,24.8987302,36.06248522
33,11,2014-01-11 19:40:00,24.89879424,36.06248183
33,12,2014-01-12 12:32:01,24.89879617,36.06247844
33,12,2014-01-12 14:00:36,24.89882242,36.06246057
33,13,2014-01-13 07:15:01,24.89880587,36.06242471
33,13,2014-01-13 20:48:01,24.89879171,36.06246684
33,14,2014-01-14 07:24:01,24.89878909,36.0624298
33,14,2014-01-14 17:30:38,24.89878951,36.06246563
33,15,2014-01-15 07:20:01,24.89883095,36.0624359
33,15,2014-01-15 20:10:35,24.89886138,36.06244988
33,16,2014-01-16 07:34:01,24.89877639,36.06247192
33,16,2014-01-16 20:17:23,24.89884034,36.06248749
33,17,2014-01-17 07:36:01,24.89884401,36.06247431
33,17,2014-01-17 21:05:01,24.89880024,36.06248615
33,19,2014-01-19 17:50:01,24.89880839,36.06250141
33,19,2014-01-19 20:20:19,24.89872029,36.06232534
34,6,2014-01-06 07:02:01,24.90249214,36.06769163
34,6,2014-01-06 17:20:46,24.90250167,36.06768463
34,7,2014-01-07 07:00:01,24.90246349,36.0677143
34,7,2014-01-07 20:14:55,24.90246071,36.06771093
34,8,2014-01-08 07:49:01,24.90254988,36.06764296
34,8,2014-01-08 17:38:46,24.90243385,36.06764776
34,9,2014-01-09 07:12:01,24.9024452,36.06772737
34,9,2014-01-09 20:34:45,24.90249415,36.0676703
34,10,2014-01-10 07:21:01,24.90252173,36.06769337
34,10,2014-01-10 20:02:55,24.90252916,36.06764665
34,11,2014-01-11 14:10:01,24.90247278,36.06765917
34,11,2014-01-11 19:47:54,24.90251064,36.06772548
34,13,2014-01-13 07:05:01,24.9025076,36.06767258
34,13,2014-01-13 20:21:01,24.90245333,36.06775606
34,14,2014-01-14 07:07:01,24.90249093,36.06767061
34,14,2014-01-14 20:08:01,24.90246155,36.06769673
34,15,2014-01-15 07:30:01,24.90253867,36.06763743
34,15,2014-01-15 21:24:02,24.90248481,36.06774775
34,16,2014-01-16 07:41:01,24.90249381,36.06771326
34,16,2014-01-16 19:51:55,24.90253369,36.06772554
34,17,2014-01-17 07:44:01,24.90251263,36.06772583
34,17,2014-01-17 20:06:01,24.90251533,36.06765073
34,18,2014-01-18 13:11:01,24.90254003,36.06760512
34,18,2014-01-18 19:48:49,24.9024783,36.06775113
34,19,2014-01-19 12:32:01,24.90258644,36.06763372
34,19,2014-01-19 15:57:05,24.90248304,36.06764478
35,6,2014-01-06 06:28:01,24.87459598,36.07622006
35,6,2014-01-06 18:23:24,24.87466735,36.07623001
35,7,2014-01-07 06:37:01,24.87469672,36.07624511
35,7,2014-01-07 21:26:19,24.87469229,36.07622588
35,8,2014-01-08 06:23:01,24.87467705,36.07624895
35,8,2014-01-08 23:00:01,24.87466571,36.07622525
35,9,2014-01-09 06:36:01,24.87471053,36.07623062
35,9,2014-01-09 20:48:01,24.87471058,36.07625512
35,10,2014-01-10 06:21:01,24.8746854,36.07622365
35,10,2014-01-10 22:27:19,24.8747067,36.07624644
35,11,2014-01-11 13:52:01,24.87469046,36.07622627
35,11,2014-01-11 18:01:01,24.87470368,36.07622883
35,12,2014-01-12 12:45:01,24.87467835,36.07626368
35,12,2014-01-12 17:57:01,24.87466599,36.07622126
35,13,2014-01-13 06:46:01,24.87460359,36.07622161
35,13,2014-01-13 20:39:19,24.87470682,36.07623099
35,14,2014-01-14 06:38:01,24.87470785,36.07622023
35,14,2014-01-14 20:30:01,24.87469876,36.07625415
35,15,2014-01-15 06:24:01,24.87467214,36.07626342
35,15,2014-01-15 22:33:01,24.87467735,36.07623249
35,16,2014-01-16 07:00:01,24.87467243,36.07623696
35,16,2014-01-16 20:56:19,24.87468144,36.07622207
35,17,2014-01-17 06:13:01,24.87457955,36.07624011
35,17,2014-01-17 21:59:01,24.87469598,36.07624482
35,18,2014-01-18 13:05:01,24.87462053,36.07624781
35,18,2014-01-18 19:44:19,24.87468089,36.07626154
35,19,2014-01-19 12:37:01,24.8746887,36.07623908
35,19,2014-01-19 20:07:17,24.8746285,36.0762341
101,6,2014-01-06 07:36:01,24.87957667,36.04802745
101,6,2014-01-06 15:53:30,24.87957058,36.04802115
101,7,2014-01-07 08:12:37,24.87956846,36.04802559
101,7,2014-01-07 12:09:41,24.87956687,36.04802973
101,9,2014-01-09 08:19:13,24.8795701,36.04802391
101,9,2014-01-09 13:01:51,24.87956703,36.04802542
101,10,2014-01-10 07:02:25,24.87956795,36.04802747
101,10,2014-01-10 13:39:03,24.87957549,36.0480572
101,13,2014-01-13 07:30:37,24.87957021,36.04802892
101,13,2014-01-13 18:57:04,24.87956863,36.04807817
101,14,2014-01-14 08:42:37,24.87957168,36.04802544
101,14,2014-01-14 13:08:02,24.87956933,36.0480308
101,16,2014-01-16 07:54:37,24.87957424,36.04802117
101,16,2014-01-16 17:50:48,24.87956787,36.04817805
104,6,2014-01-06 10:32:33,24.8795748,36.04802836
104,6,2014-01-06 16:45:01,24.87957092,36.04802491
104,7,2014-01-07 10:44:31,24.8795717,36.04802256
104,7,2014-01-07 15:54:02,24.87957501,36.04802557
104,8,2014-01-08 10:54:15,24.87957061,36.04802815
104,8,2014-01-08 15:52:55,24.8795683,36.04803154
104,9,2014-01-09 10:45:21,24.87957677,36.04802302
104,9,2014-01-09 16:23:22,24.87957594,36.04802446
104,13,2014-01-13 10:26:23,24.87956968,36.04802122
104,13,2014-01-13 17:17:28,24.87956555,36.04802568
104,14,2014-01-14 10:34:16,24.87956838,36.04802229
104,14,2014-01-14 15:49:06,24.87957255,36.04802108
104,15,2014-01-15 10:12:38,24.87956868,36.04802482
104,15,2014-01-15 15:57:46,24.87957265,36.04802734
104,16,2014-01-16 10:55:54,24.87956545,36.0480321
104,16,2014-01-16 21:06:49,24.87956548,36.04807422
105,7,2014-01-07 08:50:54,24.87956681,36.04802816
105,7,2014-01-07 16:28:03,24.87956865,36.04803099
105,8,2014-01-08 08:48:17,24.87956602,36.04803174
105,8,2014-01-08 17:07:01,24.87956507,36.04802661
105,9,2014-01-09 08:46:00,24.87957578,36.04802144
105,9,2014-01-09 16:33:05,24.87957298,36.04803045
105,14,2014-01-14 08:42:03,24.87957419,36.04802587
105,14,2014-01-14 16:34:10,24.87956538,36.04803013
105,15,2014-01-15 08:53:43,24.87957205,36.04802791
105,15,2014-01-15 17:06:16,24.87957107,36.04802905
105,16,2014-01-16 08:49:14,24.87957232,36.0480238
105,16,2014-01-16 19:07:32,24.87957131,36.0480552
106,7,2014-01-07 12:25:50,24.87956736,36.04802843
106,7,2014-01-07 17:04:01,24.87956915,36.04802413
106,8,2014-01-08 08:17:33,24.87956951,36.04802639
106,8,2014-01-08 11:40:01,24.87957531,36.04803281
106,9,2014-01-09 12:31:15,24.87957416,36.04802722
106,9,2014-01-09 17:06:01,24.87957053,36.0480237
106,14,2014-01-14 12:28:17,24.87957226,36.04802108
106,14,2014-01-14 17:04:01,24.8795715,36.04802849
106,15,2014-01-15 08:38:14,24.87957009,36.04802098
106,15,2014-01-15 12:13:11,24.87957075,36.04805023
106,16,2014-01-16 12:39:16,24.87957395,36.04803141
106,16,2014-01-16 20:00:19,24.87957568,36.0480965
107,6,2014-01-06 08:46:20,24.87957636,36.04803001
107,6,2014-01-06 11:46:01,24.87956995,36.04802478
107,7,2014-01-07 08:48:40,24.87957363,36.04802337
107,7,2014-01-07 15:46:53,24.88092654,36.05854787
107,8,2014-01-08 08:58:12,24.87957544,36.04803049
107,8,2014-01-08 15:29:29,24.88092331,36.05853329
107,9,2014-01-09 08:41:39,24.87957527,36.04802865
107,9,2014-01-09 15:47:27,24.88087938,36.05854339
107,10,2014-01-10 09:03:45,24.87957431,36.04802609
107,10,2014-01-10 11:59:26,24.87957157,36.04802814
107,13,2014-01-13 08:52:26,24.87957218,36.04803278
107,13,2014-01-13 12:01:41,24.87957124,36.04802884
107,14,2014-01-14 09:03:45,24.87956637,36.04802881
107,14,2014-01-14 12:03:21,24.8795731,36.04802283
107,15,2014-01-15 09:03:01,24.87957348,36.04803221
107,15,2014-01-15 18:25:26,24.88089131,36.05856795
107,16,2014-01-16 08:47:21,24.87957239,36.04803078
107,16,2014-01-16 11:54:13,24.87957021,36.04803088
107,17,2014-01-17 08:58:56,24.87956994,36.04802547
107,17,2014-01-17 17:21:01,24.87956612,36.04805509
